chemin,class,classe_LOC,classe_CLOC,classe_DC,classe_WMC,classe_BC
E:\Downloads\jfree\data\xy\,AbstractIntervalXYDataset,79,40,0.5063291139240507,8.0,0.06329113924050633

E:\Downloads\jfree\data\xy\,AbstractXYDataset,53,27,0.5094339622641509,5.0,0.1018867924528302

E:\Downloads\jfree\data\xy\,AbstractXYZDataset,23,12,0.5217391304347826,2.0,0.2608695652173913

E:\Downloads\jfree\data\xy\,CategoryTableXYDataset,346,206,0.5953757225433526,33.0,0.018041688561919775

E:\Downloads\jfree\data\xy\,DefaultHighLowDataset,361,208,0.5761772853185596,34.0,0.016946390744663517

E:\Downloads\jfree\data\xy\,DefaultIntervalXYDataset,488,295,0.6045081967213115,34.0,0.017779652844744455

E:\Downloads\jfree\data\xy\,DefaultOHLCDataset,283,157,0.5547703180212014,29.0,0.019130010966248324

E:\Downloads\jfree\data\xy\,DefaultTableXYDataset,546,252,0.46153846153846156,65.0,0.007100591715976332

E:\Downloads\jfree\data\xy\,DefaultWindDataset,258,130,0.5038759689922481,26.0,0.01937984496124031

E:\Downloads\jfree\data\xy\,DefaultWindDataset,106,43,0.4056603773584906,14.0,0.028975741239892185

E:\Downloads\jfree\data\xy\,DefaultXYDataset,320,176,0.55,29.0,0.018965517241379314

E:\Downloads\jfree\data\xy\,DefaultXYZDataset,365,211,0.5780821917808219,29.0,0.019933868682097306

E:\Downloads\jfree\data\xy\,IntervalXYDataset,90,83,0.9222222222222223,3.0,0.3074074074074074

E:\Downloads\jfree\data\xy\,IntervalXYDelegate,401,221,0.5511221945137157,40.0,0.013778054862842892

E:\Downloads\jfree\data\xy\,IntervalXYZDataset,6,4,0.6666666666666666,0.0,Infinity

E:\Downloads\jfree\data\xy\,MatrixSeries,162,89,0.5493827160493827,20.0,0.027469135802469135

E:\Downloads\jfree\data\xy\,MatrixSeriesCollection,235,129,0.548936170212766,22.0,0.024951644100580272

E:\Downloads\jfree\data\xy\,NormalizedMatrixSeries,94,61,0.648936170212766,6.0,0.10815602836879433

E:\Downloads\jfree\data\xy\,OHLCDataItem,145,70,0.4827586206896552,17.0,0.028397565922920892

E:\Downloads\jfree\data\xy\,OHLCDataset,5,4,0.8,0.0,Infinity

E:\Downloads\jfree\data\xy\,TableXYDataset,8,7,0.875,0.0,Infinity

E:\Downloads\jfree\data\xy\,Vector,91,45,0.4945054945054945,11.0,0.04495504495504496

E:\Downloads\jfree\data\xy\,VectorDataItem,73,39,0.5342465753424658,8.0,0.06678082191780822

E:\Downloads\jfree\data\xy\,VectorSeries,125,83,0.664,10.0,0.0664

E:\Downloads\jfree\data\xy\,VectorSeriesCollection,266,153,0.575187969924812,22.0,0.026144907723855092

E:\Downloads\jfree\data\xy\,VectorXYDataset,38,27,0.7105263157894737,1.0,0.7105263157894737

E:\Downloads\jfree\data\xy\,WindDataset,30,23,0.7666666666666667,1.0,0.7666666666666667

E:\Downloads\jfree\data\xy\,XIntervalDataItem,68,33,0.4852941176470588,8.0,0.06066176470588235

E:\Downloads\jfree\data\xy\,XIntervalSeries,119,81,0.680672268907563,9.0,0.07563025210084034

E:\Downloads\jfree\data\xy\,XIntervalSeriesCollection,294,170,0.5782312925170068,24.0,0.02409297052154195

E:\Downloads\jfree\data\xy\,XisSymbolic,30,18,0.6,2.0,0.3

E:\Downloads\jfree\data\xy\,XYBarDataset,322,199,0.6180124223602484,29.0,0.021310773184836155

E:\Downloads\jfree\data\xy\,XYCoordinate,120,51,0.425,17.0,0.024999999999999998

E:\Downloads\jfree\data\xy\,XYDataItem,189,99,0.5238095238095238,20.0,0.02619047619047619

E:\Downloads\jfree\data\xy\,XYDataset,75,41,0.5466666666666666,5.0,0.10933333333333332

E:\Downloads\jfree\data\xy\,XYDatasetTableModel,196,125,0.6377551020408163,18.0,0.035430839002267574

E:\Downloads\jfree\data\xy\,XYDomainInfo,9,6,0.6666666666666666,0.0,Infinity

E:\Downloads\jfree\data\xy\,XYInterval,108,52,0.48148148148148145,14.0,0.03439153439153439

E:\Downloads\jfree\data\xy\,XYIntervalDataItem,99,45,0.45454545454545453,12.0,0.03787878787878788

E:\Downloads\jfree\data\xy\,XYIntervalSeries,152,105,0.6907894736842105,11.0,0.06279904306220095

E:\Downloads\jfree\data\xy\,XYIntervalSeriesCollection,320,190,0.59375,27.0,0.02199074074074074

E:\Downloads\jfree\data\xy\,XYItemKey,103,34,0.3300970873786408,13.0,0.02539208364451083

E:\Downloads\jfree\data\xy\,XYRangeInfo,9,6,0.6666666666666666,0.0,Infinity

E:\Downloads\jfree\data\xy\,XYSeries,853,429,0.5029308323563892,98.0,0.005131947268942748

E:\Downloads\jfree\data\xy\,XYSeriesCollection,646,288,0.4458204334365325,78.0,0.0057156465825196475

E:\Downloads\jfree\data\xy\,XYZDataset,5,4,0.8,0.0,Infinity

E:\Downloads\jfree\data\xy\,YInterval,77,38,0.4935064935064935,10.0,0.04935064935064935

E:\Downloads\jfree\data\xy\,YIntervalDataItem,68,33,0.4852941176470588,8.0,0.06066176470588235

E:\Downloads\jfree\data\xy\,YIntervalSeries,120,83,0.6916666666666667,9.0,0.07685185185185185

E:\Downloads\jfree\data\xy\,YIntervalSeriesCollection,292,172,0.589041095890411,24.0,0.024543378995433792

E:\Downloads\jfree\data\xy\,YisSymbolic,30,18,0.6,2.0,0.3

E:\Downloads\jfree\data\xy\,YWithXInterval,81,42,0.5185185185185185,10.0,0.05185185185185185

E:\Downloads\jfree\data\xml\,CategoryDatasetHandler,84,38,0.4523809523809524,9.0,0.05026455026455026

E:\Downloads\jfree\data\xml\,CategorySeriesHandler,95,39,0.4105263157894737,9.0,0.0456140350877193

E:\Downloads\jfree\data\xml\,DatasetReader,133,53,0.39849624060150374,7.0,0.05692803437164339

E:\Downloads\jfree\data\xml\,DatasetTags,16,9,0.5625,0.0,Infinity

E:\Downloads\jfree\data\xml\,ItemHandler,110,50,0.45454545454545453,11.0,0.04132231404958678

E:\Downloads\jfree\data\xml\,KeyHandler,100,49,0.49,9.0,0.05444444444444444

E:\Downloads\jfree\data\xml\,PieDatasetHandler,80,37,0.4625,9.0,0.051388888888888894

E:\Downloads\jfree\data\xml\,RootHandler,73,36,0.4931506849315068,10.0,0.049315068493150684

E:\Downloads\jfree\data\xml\,ValueHandler,105,47,0.44761904761904764,10.0,0.04476190476190477

E:\Downloads\jfree\data\time\ohlc\,OHLC,107,50,0.4672897196261682,13.0,0.035945363048166784

E:\Downloads\jfree\data\time\ohlc\,OHLCItem,94,45,0.4787234042553192,11.0,0.043520309477756286

E:\Downloads\jfree\data\time\ohlc\,OHLCSeries,90,54,0.6,8.0,0.075

E:\Downloads\jfree\data\time\ohlc\,OHLCSeriesCollection,417,233,0.5587529976019184,40.0,0.01396882494004796

E:\Downloads\jfree\data\time\,DateRange,110,68,0.6181818181818182,9.0,0.06868686868686869

E:\Downloads\jfree\data\time\,Day,368,193,0.5244565217391305,29.0,0.018084707646176913

E:\Downloads\jfree\data\time\,DynamicTimeSeriesCollection,822,426,0.5182481751824818,97.0,0.005342764692602905

E:\Downloads\jfree\data\time\,FixedMillisecond,223,114,0.5112107623318386,24.0,0.021300448430493276

E:\Downloads\jfree\data\time\,Hour,377,192,0.5092838196286472,36.0,0.014146772767462422

E:\Downloads\jfree\data\time\,Millisecond,337,161,0.47774480712166173,33.0,0.014477115367323082

E:\Downloads\jfree\data\time\,Minute,380,186,0.48947368421052634,35.0,0.013984962406015038

E:\Downloads\jfree\data\time\,Month,435,204,0.4689655172413793,46.0,0.010194902548725637

E:\Downloads\jfree\data\time\,MovingAverage,255,92,0.3607843137254902,17.0,0.02122260668973472

E:\Downloads\jfree\data\time\,Quarter,375,186,0.496,34.0,0.014588235294117647

E:\Downloads\jfree\data\time\,RegularTimePeriod,236,125,0.5296610169491526,24.0,0.022069209039548024

E:\Downloads\jfree\data\time\,Second,360,168,0.4666666666666667,37.0,0.012612612612612612

E:\Downloads\jfree\data\time\,SimpleTimePeriod,164,75,0.4573170731707317,20.0,0.022865853658536585

E:\Downloads\jfree\data\time\,TimePeriod,20,17,0.85,1.0,0.85

E:\Downloads\jfree\data\time\,TimePeriodAnchor,8,4,0.5,0.0,Infinity

E:\Downloads\jfree\data\time\,TimePeriodFormatException,13,9,0.6923076923076923,1.0,0.6923076923076923

E:\Downloads\jfree\data\time\,TimePeriodValue,131,68,0.5190839694656488,13.0,0.03992953611274222

E:\Downloads\jfree\data\time\,TimePeriodValues,469,216,0.4605543710021322,51.0,0.009030477862786906

E:\Downloads\jfree\data\time\,TimePeriodValuesCollection,377,169,0.4482758620689655,41.0,0.010933557611438183

E:\Downloads\jfree\data\time\,TimeSeries,1206,571,0.4734660033167496,142.0,0.0033342676289911943

E:\Downloads\jfree\data\time\,TimeSeriesCollection,641,305,0.47581903276131043,69.0,0.006895928011033485

E:\Downloads\jfree\data\time\,TimeSeriesDataItem,153,90,0.5882352941176471,13.0,0.04524886877828054

E:\Downloads\jfree\data\time\,TimeSeriesTableModel,203,78,0.3842364532019704,26.0,0.014778325123152709

E:\Downloads\jfree\data\time\,TimeTableXYDataset,523,295,0.5640535372848948,50.0,0.011281070745697896

E:\Downloads\jfree\data\time\,Week,510,229,0.44901960784313727,50.0,0.008980392156862745

E:\Downloads\jfree\data\time\,Year,307,173,0.5635179153094463,25.0,0.022540716612377852

E:\Downloads\jfree\data\statistics\,BoxAndWhiskerCalculator,166,54,0.3253012048192771,19.0,0.017121116043119847

E:\Downloads\jfree\data\statistics\,BoxAndWhiskerCategoryDataset,173,146,0.8439306358381503,1.0,0.8439306358381503

E:\Downloads\jfree\data\statistics\,BoxAndWhiskerItem,226,103,0.4557522123893805,24.0,0.01898967551622419

E:\Downloads\jfree\data\statistics\,BoxAndWhiskerXYDataset,116,100,0.8620689655172413,5.0,0.17241379310344826

E:\Downloads\jfree\data\statistics\,DefaultBoxAndWhiskerCategoryDataset,831,421,0.50661853188929,78.0,0.006495109383196025

E:\Downloads\jfree\data\statistics\,DefaultBoxAndWhiskerXYDataset,485,248,0.511340206185567,49.0,0.010435514411950347

E:\Downloads\jfree\data\statistics\,DefaultMultiValueCategoryDataset,343,149,0.43440233236151604,38.0,0.011431640325303053

E:\Downloads\jfree\data\statistics\,DefaultStatisticalCategoryDataset,625,264,0.4224,65.0,0.006498461538461538

E:\Downloads\jfree\data\statistics\,HistogramBin,110,50,0.45454545454545453,13.0,0.03496503496503496

E:\Downloads\jfree\data\statistics\,HistogramDataset,425,215,0.5058823529411764,42.0,0.012044817927170867

E:\Downloads\jfree\data\statistics\,HistogramType,7,3,0.42857142857142855,0.0,Infinity

E:\Downloads\jfree\data\statistics\,MeanAndStandardDeviation,127,64,0.5039370078740157,15.0,0.03359580052493438

E:\Downloads\jfree\data\statistics\,MultiValueCategoryDataset,29,23,0.7931034482758621,0.0,Infinity

E:\Downloads\jfree\data\statistics\,Regression,293,72,0.24573378839590443,36.0,0.006825938566552901

E:\Downloads\jfree\data\statistics\,SimpleHistogramBin,217,89,0.41013824884792627,33.0,0.012428431783270494

E:\Downloads\jfree\data\statistics\,SimpleHistogramDataset,415,229,0.5518072289156627,42.0,0.013138267355134826

E:\Downloads\jfree\data\statistics\,StatisticalCategoryDataset,45,39,0.8666666666666667,3.0,0.2888888888888889

E:\Downloads\jfree\data\statistics\,Statistics,386,151,0.3911917098445596,46.0,0.008504167605316512

E:\Downloads\jfree\data\resources\,DataPackageResources,20,10,0.5,1.0,0.5

E:\Downloads\jfree\data\resources\,DataPackageResources_de,19,9,0.47368421052631576,1.0,0.47368421052631576

E:\Downloads\jfree\data\resources\,DataPackageResources_es,20,9,0.45,1.0,0.45

E:\Downloads\jfree\data\resources\,DataPackageResources_fr,19,9,0.47368421052631576,1.0,0.47368421052631576

E:\Downloads\jfree\data\resources\,DataPackageResources_pl,19,9,0.47368421052631576,1.0,0.47368421052631576

E:\Downloads\jfree\data\resources\,DataPackageResources_ru,19,9,0.47368421052631576,1.0,0.47368421052631576

E:\Downloads\jfree\data\json\impl\,JSONArray,120,50,0.4166666666666667,13.0,0.032051282051282055

E:\Downloads\jfree\data\json\impl\,JSONAware,17,15,0.8823529411764706,0.0,Infinity

E:\Downloads\jfree\data\json\impl\,JSONObject,152,68,0.4473684210526316,14.0,0.03195488721804511

E:\Downloads\jfree\data\json\impl\,JSONStreamAware,23,18,0.782608695652174,0.0,Infinity

E:\Downloads\jfree\data\json\impl\,JSONValue,290,137,0.4724137931034483,31.0,0.015239154616240267

E:\Downloads\jfree\data\json\impl\package-,info,3,3,1.0,0.0,Infinity

E:\Downloads\jfree\data\json\,JSONUtils,152,50,0.32894736842105265,14.0,0.02349624060150376

E:\Downloads\jfree\data\json\package-,info,3,3,1.0,0.0,Infinity

E:\Downloads\jfree\data\jdbc\,JDBCCategoryDataset,229,91,0.39737991266375544,33.0,0.012041815535265316

E:\Downloads\jfree\data\jdbc\,JDBCPieDataset,168,64,0.38095238095238093,22.0,0.017316017316017316

E:\Downloads\jfree\data\jdbc\,JDBCXYDataset,438,178,0.4063926940639269,69.0,0.005889749189332274

E:\Downloads\jfree\data\io\,CSV,145,56,0.38620689655172413,16.0,0.02413793103448276

E:\Downloads\jfree\data\general\,AbstractDataset,220,136,0.6181818181818182,18.0,0.03434343434343434

E:\Downloads\jfree\data\general\,AbstractSeriesDataset,65,30,0.46153846153846156,7.0,0.06593406593406594

E:\Downloads\jfree\data\general\,Dataset,12,11,0.9166666666666666,0.0,Infinity

E:\Downloads\jfree\data\general\,DatasetChangeEvent,32,23,0.71875,2.0,0.359375

E:\Downloads\jfree\data\general\,DatasetChangeListener,6,4,0.6666666666666666,0.0,Infinity

E:\Downloads\jfree\data\general\,DatasetGroup,74,33,0.44594594594594594,9.0,0.04954954954954955

E:\Downloads\jfree\data\general\,DatasetUtils,2155,703,0.32621809744779584,13.0,0.0250936998036766

E:\Downloads\jfree\data\general\,DefaultHeatMapDataset,266,132,0.49624060150375937,32.0,0.01550751879699248

E:\Downloads\jfree\data\general\,DefaultKeyedValueDataset,139,63,0.45323741007194246,19.0,0.023854600530102233

E:\Downloads\jfree\data\general\,DefaultKeyedValues2DDataset,14,8,0.5714285714285714,0.0,Infinity

E:\Downloads\jfree\data\general\,DefaultKeyedValuesDataset,9,6,0.6666666666666666,0.0,Infinity

E:\Downloads\jfree\data\general\,DefaultPieDataset,288,159,0.5520833333333334,30.0,0.01840277777777778

E:\Downloads\jfree\data\general\,DefaultValueDataset,83,43,0.5180722891566265,9.0,0.05756358768406961

E:\Downloads\jfree\data\general\,HeatMapDataset,101,75,0.7425742574257426,2.0,0.3712871287128713

E:\Downloads\jfree\data\general\,HeatMapUtils,82,34,0.4146341463414634,7.0,0.059233449477351915

E:\Downloads\jfree\data\general\,KeyedValueDataset,6,4,0.6666666666666666,0.0,Infinity

E:\Downloads\jfree\data\general\,KeyedValues2DDataset,10,8,0.8,0.0,Infinity

E:\Downloads\jfree\data\general\,KeyedValuesDataset,6,4,0.6666666666666666,0.0,Infinity

E:\Downloads\jfree\data\general\,PieDataset,9,6,0.6666666666666666,0.0,Infinity

E:\Downloads\jfree\data\general\,Series,332,189,0.5692771084337349,30.0,0.01897590361445783

E:\Downloads\jfree\data\general\,SeriesChangeEvent,16,9,0.5625,1.0,0.5625

E:\Downloads\jfree\data\general\,SeriesChangeListener,5,3,0.6,0.0,Infinity

E:\Downloads\jfree\data\general\,SeriesDataset,42,29,0.6904761904761905,2.0,0.34523809523809523

E:\Downloads\jfree\data\general\,SeriesException,15,9,0.6,1.0,0.6

E:\Downloads\jfree\data\general\,ValueDataset,6,4,0.6666666666666666,0.0,Infinity

E:\Downloads\jfree\data\general\,WaferMapDataset,236,129,0.5466101694915254,29.0,0.018848626534190532

E:\Downloads\jfree\data\gantt\,GanttCategoryDataset,128,104,0.8125,6.0,0.13541666666666666

E:\Downloads\jfree\data\gantt\,SlidingGanttCategoryDataset,576,296,0.5138888888888888,61.0,0.008424408014571947

E:\Downloads\jfree\data\gantt\,Task,192,96,0.5,22.0,0.022727272727272728

E:\Downloads\jfree\data\gantt\,TaskSeries,147,70,0.47619047619047616,17.0,0.028011204481792715

E:\Downloads\jfree\data\gantt\,TaskSeriesCollection,601,284,0.47254575707154745,64.0,0.007383527454242929

E:\Downloads\jfree\data\gantt\,XYTaskDataset,408,207,0.5073529411764706,43.0,0.01179890560875513

E:\Downloads\jfree\data\function\,Function2D,4,3,0.75,0.0,Infinity

E:\Downloads\jfree\data\function\,LineFunction2D,84,44,0.5238095238095238,9.0,0.058201058201058205

E:\Downloads\jfree\data\function\,NormalDistributionFunction2D,92,44,0.4782608695652174,10.0,0.04782608695652174

E:\Downloads\jfree\data\function\,PolynomialFunction2D,80,44,0.55,8.0,0.06875

E:\Downloads\jfree\data\function\,PowerFunction2D,84,44,0.5238095238095238,9.0,0.058201058201058205

E:\Downloads\jfree\data\category\,CategoryDataset,12,8,0.6666666666666666,0.0,Infinity

E:\Downloads\jfree\data\category\,CategoryRangeInfo,9,6,0.6666666666666666,0.0,Infinity

E:\Downloads\jfree\data\category\,CategoryToPieDataset,265,112,0.4226415094339623,39.0,0.010836961780358007

E:\Downloads\jfree\data\category\,DefaultCategoryDataset,363,219,0.6033057851239669,35.0,0.017237308146399056

E:\Downloads\jfree\data\category\,DefaultIntervalCategoryDataset,711,327,0.459915611814346,83.0,0.005541151949570434

E:\Downloads\jfree\data\category\,IntervalCategoryDataset,52,41,0.7884615384615384,3.0,0.26282051282051283

E:\Downloads\jfree\data\category\,SlidingCategoryDataset,305,156,0.5114754098360655,33.0,0.015499254843517137

E:\Downloads\jfree\data\,ComparableObjectItem,118,64,0.5423728813559322,12.0,0.04519774011299435

E:\Downloads\jfree\data\,ComparableObjectSeries,377,178,0.47214854111405835,48.0,0.009836427939876215

E:\Downloads\jfree\data\,DataUtils,220,95,0.4318181818181818,32.0,0.013494318181818182

E:\Downloads\jfree\data\,DefaultKeyedValue,114,57,0.5,12.0,0.041666666666666664

E:\Downloads\jfree\data\,DefaultKeyedValues,373,173,0.46380697050938335,42.0,0.011043023107366271

E:\Downloads\jfree\data\,DefaultKeyedValues2D,470,217,0.46170212765957447,55.0,0.00839458413926499

E:\Downloads\jfree\data\,DomainInfo,38,33,0.868421052631579,2.0,0.4342105263157895

E:\Downloads\jfree\data\,DomainOrder,7,3,0.42857142857142855,0.0,Infinity

E:\Downloads\jfree\data\,ItemKey,12,10,0.8333333333333334,0.0,Infinity

E:\Downloads\jfree\data\,KeyedObject,98,44,0.4489795918367347,12.0,0.03741496598639456

E:\Downloads\jfree\data\,KeyedObjects,278,131,0.4712230215827338,36.0,0.013089528377298161

E:\Downloads\jfree\data\,KeyedObjects2D,430,183,0.4255813953488372,56.0,0.007599667774086378

E:\Downloads\jfree\data\,KeyedValue,6,5,0.8333333333333334,0.0,Infinity

E:\Downloads\jfree\data\,KeyedValueComparator,114,32,0.2807017543859649,18.0,0.015594541910331383

E:\Downloads\jfree\data\,KeyedValueComparatorType,7,4,0.5714285714285714,0.0,Infinity

E:\Downloads\jfree\data\,KeyedValues,54,43,0.7962962962962963,3.0,0.2654320987654321

E:\Downloads\jfree\data\,KeyedValues2D,68,54,0.7941176470588235,3.0,0.2647058823529412

E:\Downloads\jfree\data\,KeyedValues2DItemKey,104,34,0.3269230769230769,13.0,0.02514792899408284

E:\Downloads\jfree\data\,KeyedValuesItemKey,70,23,0.32857142857142857,9.0,0.03650793650793651

E:\Downloads\jfree\data\,KeyToGroupMap,257,91,0.3540856031128405,34.0,0.010414282444495309

E:\Downloads\jfree\data\,Range,384,190,0.4947916666666667,50.0,0.009895833333333333

E:\Downloads\jfree\data\,RangeInfo,33,29,0.8787878787878788,1.0,0.8787878787878788

E:\Downloads\jfree\data\,RangeType,8,4,0.5,0.0,Infinity

E:\Downloads\jfree\data\,UnknownKeyException,12,8,0.6666666666666666,1.0,0.6666666666666666

E:\Downloads\jfree\data\,Value,4,3,0.75,0.0,Infinity

E:\Downloads\jfree\data\,Values,22,14,0.6363636363636364,1.0,0.6363636363636364

E:\Downloads\jfree\data\,Values2D,28,22,0.7857142857142857,1.0,0.7857142857142857

E:\Downloads\jfree\chart\util\,AbstractObjectList,208,88,0.4230769230769231,28.0,0.01510989010989011

E:\Downloads\jfree\chart\util\,Args,49,29,0.5918367346938775,6.0,0.09863945578231292

E:\Downloads\jfree\chart\util\,ArrayUtils,152,48,0.3157894736842105,31.0,0.010186757215619693

E:\Downloads\jfree\chart\util\,AttrStringUtils,261,82,0.31417624521072796,32.0,0.009818007662835249

E:\Downloads\jfree\chart\util\,BooleanList,55,33,0.6,6.0,0.09999999999999999

E:\Downloads\jfree\chart\util\,CloneUtils,96,34,0.3541666666666667,0.0,Infinity

E:\Downloads\jfree\chart\util\,DefaultShadowGenerator,248,93,0.375,28.0,0.013392857142857142

E:\Downloads\jfree\chart\util\,DirectionalGradientPaintTransformer,93,45,0.4838709677419355,4.0,0.12096774193548387

E:\Downloads\jfree\chart\util\,ExportUtils,199,65,0.32663316582914576,6.0,0.05443886097152429

E:\Downloads\jfree\chart\util\,HexNumberFormat,102,59,0.5784313725490197,8.0,0.07230392156862746

E:\Downloads\jfree\chart\util\,HMSNumberFormat,70,41,0.5857142857142857,4.0,0.14642857142857144

E:\Downloads\jfree\chart\util\,LineUtils,118,34,0.288135593220339,14.0,0.020581113801452784

E:\Downloads\jfree\chart\util\,LogFormat,196,102,0.5204081632653061,20.0,0.026020408163265306

E:\Downloads\jfree\chart\util\,ObjectList,56,38,0.6785714285714286,5.0,0.13571428571428573

E:\Downloads\jfree\chart\util\,PaintAlpha,318,190,0.5974842767295597,27.0,0.022129047286279988

E:\Downloads\jfree\chart\util\,PaintList,111,46,0.4144144144144144,16.0,0.0259009009009009

E:\Downloads\jfree\chart\util\,PaintUtils,142,40,0.28169014084507044,16.0,0.017605633802816902

E:\Downloads\jfree\chart\util\,PublicCloneable,8,7,0.875,0.0,Infinity

E:\Downloads\jfree\chart\util\,RelativeDateFormat,487,261,0.5359342915811088,46.0,0.01165074546915454

E:\Downloads\jfree\chart\util\,ResourceBundleWrapper,117,73,0.6239316239316239,9.0,0.06932573599240266

E:\Downloads\jfree\chart\util\,Rotation,32,21,0.65625,1.0,0.65625

E:\Downloads\jfree\chart\util\,SerialUtils,550,153,0.2781818181818182,71.0,0.003918053777208707

E:\Downloads\jfree\chart\util\,ShadowGenerator,8,6,0.75,0.0,Infinity

E:\Downloads\jfree\chart\util\,ShapeList,120,55,0.4583333333333333,16.0,0.028645833333333332

E:\Downloads\jfree\chart\util\,ShapeUtils,514,211,0.41050583657587547,58.0,0.007077686837515094

E:\Downloads\jfree\chart\util\,SortOrder,6,3,0.5,0.0,Infinity

E:\Downloads\jfree\chart\util\,StringUtils,51,28,0.5490196078431373,6.0,0.09150326797385622

E:\Downloads\jfree\chart\util\,StrokeList,114,53,0.4649122807017544,15.0,0.030994152046783626

E:\Downloads\jfree\chart\util\,TableOrder,7,3,0.42857142857142855,0.0,Infinity

E:\Downloads\jfree\chart\util\,UnitType,6,3,0.5,0.0,Infinity

E:\Downloads\jfree\chart\util\,XYCoordinateType,9,5,0.5555555555555556,0.0,Infinity

E:\Downloads\jfree\chart\urls\,CategoryURLGenerator,5,3,0.6,0.0,Infinity

E:\Downloads\jfree\chart\urls\,CustomCategoryURLGenerator,142,56,0.39436619718309857,22.0,0.017925736235595388

E:\Downloads\jfree\chart\urls\,CustomPieURLGenerator,166,74,0.4457831325301205,20.0,0.022289156626506025

E:\Downloads\jfree\chart\urls\,CustomXYURLGenerator,145,58,0.4,22.0,0.018181818181818184

E:\Downloads\jfree\chart\urls\,PieURLGenerator,15,13,0.8666666666666667,0.0,Infinity

E:\Downloads\jfree\chart\urls\,StandardCategoryURLGenerator,141,58,0.41134751773049644,12.0,0.034278959810874705

E:\Downloads\jfree\chart\urls\,StandardPieURLGenerator,114,47,0.41228070175438597,13.0,0.03171390013495277

E:\Downloads\jfree\chart\urls\,StandardXYURLGenerator,103,47,0.4563106796116505,10.0,0.04563106796116505

E:\Downloads\jfree\chart\urls\,StandardXYZURLGenerator,19,12,0.631578947368421,1.0,0.631578947368421

E:\Downloads\jfree\chart\urls\,TimeSeriesURLGenerator,154,66,0.42857142857142855,15.0,0.02857142857142857

E:\Downloads\jfree\chart\urls\,XYURLGenerator,8,6,0.75,0.0,Infinity

E:\Downloads\jfree\chart\urls\,XYZURLGenerator,8,6,0.75,0.0,Infinity

E:\Downloads\jfree\chart\ui\,Align,84,33,0.39285714285714285,8.0,0.049107142857142856

E:\Downloads\jfree\chart\ui\,ApplicationFrame,85,52,0.611764705882353,9.0,0.06797385620915034

E:\Downloads\jfree\chart\ui\,Drawable,7,4,0.5714285714285714,0.0,Infinity

E:\Downloads\jfree\chart\ui\,FontChooserPanel,155,42,0.2709677419354839,15.0,0.01806451612903226

E:\Downloads\jfree\chart\ui\,FontDisplayField,59,30,0.5084745762711864,5.0,0.10169491525423728

E:\Downloads\jfree\chart\ui\,GradientPaintTransformer,7,4,0.5714285714285714,0.0,Infinity

E:\Downloads\jfree\chart\ui\,GradientPaintTransformType,8,3,0.375,0.0,Infinity

E:\Downloads\jfree\chart\ui\,HorizontalAlignment,8,4,0.5,0.0,Infinity

E:\Downloads\jfree\chart\ui\,Layer,6,3,0.5,0.0,Infinity

E:\Downloads\jfree\chart\ui\,LCBLayout,207,62,0.2995169082125604,28.0,0.01069703243616287

E:\Downloads\jfree\chart\ui\,LengthAdjustmentType,8,4,0.5,0.0,Infinity

E:\Downloads\jfree\chart\ui\,NumberCellRenderer,50,21,0.42,4.0,0.105

E:\Downloads\jfree\chart\ui\,PaintSample,72,30,0.4166666666666667,5.0,0.08333333333333334

E:\Downloads\jfree\chart\ui\,RectangleAnchor,96,30,0.3125,20.0,0.015625

E:\Downloads\jfree\chart\ui\,RectangleEdge,78,38,0.48717948717948717,14.0,0.0347985347985348

E:\Downloads\jfree\chart\ui\,RectangleInsets,466,214,0.4592274678111588,56.0,0.008200490496627836

E:\Downloads\jfree\chart\ui\,Size2D,120,58,0.48333333333333334,14.0,0.034523809523809526

E:\Downloads\jfree\chart\ui\,StandardGradientPaintTransformer,129,52,0.40310077519379844,15.0,0.026873385012919897

E:\Downloads\jfree\chart\ui\,StrokeChooserPanel,55,26,0.4727272727272727,4.0,0.11818181818181818

E:\Downloads\jfree\chart\ui\,StrokeSample,117,47,0.4017094017094017,8.0,0.050213675213675216

E:\Downloads\jfree\chart\ui\,TextAnchor,132,83,0.6287878787878788,8.0,0.07859848484848485

E:\Downloads\jfree\chart\ui\,UIUtils,153,69,0.45098039215686275,13.0,0.03469079939668175

E:\Downloads\jfree\chart\ui\,VerticalAlignment,9,4,0.4444444444444444,0.0,Infinity

E:\Downloads\jfree\chart\title\,CompositeTitle,181,91,0.5027624309392266,17.0,0.029574260643483917

E:\Downloads\jfree\chart\title\,DateTitle,117,82,0.7008547008547008,5.0,0.14017094017094017

E:\Downloads\jfree\chart\title\,ImageTitle,276,114,0.41304347826086957,27.0,0.015297906602254429

E:\Downloads\jfree\chart\title\,LegendGraphic,639,322,0.5039123630672926,72.0,0.0069987828203790636

E:\Downloads\jfree\chart\title\,LegendItemBlockContainer,153,86,0.5620915032679739,11.0,0.0510992275698158

E:\Downloads\jfree\chart\title\,LegendTitle,576,234,0.40625,63.0,0.006448412698412698

E:\Downloads\jfree\chart\title\,PaintScaleLegend,634,246,0.38801261829652994,70.0,0.005543037404236142

E:\Downloads\jfree\chart\title\,ShortTextTitle,188,71,0.3776595744680851,24.0,0.01573581560283688

E:\Downloads\jfree\chart\title\,TextTitle,780,307,0.3935897435897436,98.0,0.004016221873364731

E:\Downloads\jfree\chart\title\,Title,357,184,0.5154061624649859,35.0,0.014725890356142456

E:\Downloads\jfree\chart\text\,AttributedStringUtils,59,18,0.3050847457627119,9.0,0.03389830508474576

E:\Downloads\jfree\chart\text\,G2TextMeasurer,35,18,0.5142857142857142,2.0,0.2571428571428571

E:\Downloads\jfree\chart\text\package-,info,3,3,1.0,0.0,Infinity

E:\Downloads\jfree\chart\text\,TextBlock,253,107,0.42292490118577075,27.0,0.01566388522910262

E:\Downloads\jfree\chart\text\,TextBlockAnchor,14,3,0.21428571428571427,0.0,Infinity

E:\Downloads\jfree\chart\text\,TextBox,350,147,0.42,39.0,0.010769230769230769

E:\Downloads\jfree\chart\text\,TextFragment,246,115,0.46747967479674796,28.0,0.016695702671312426

E:\Downloads\jfree\chart\text\,TextLine,205,87,0.424390243902439,26.0,0.016322701688555347

E:\Downloads\jfree\chart\text\,TextMeasurer,4,3,0.75,0.0,Infinity

E:\Downloads\jfree\chart\text\,TextUtils,703,286,0.406827880512091,77.0,0.005283478967689494

E:\Downloads\jfree\chart\resources\,JFreeChartResources,22,10,0.45454545454545453,1.0,0.45454545454545453

E:\Downloads\jfree\chart\renderer\xy\,AbstractXYItemRenderer,1494,534,0.357429718875502,162.0,0.0022063562893549506

E:\Downloads\jfree\chart\renderer\xy\,CandlestickRenderer,792,366,0.4621212121212121,77.0,0.006001574183392365

E:\Downloads\jfree\chart\renderer\xy\,ClusteredXYBarRenderer,284,94,0.33098591549295775,30.0,0.011032863849765259

E:\Downloads\jfree\chart\renderer\xy\,CyclicXYItemRenderer,421,165,0.3919239904988123,53.0,0.007394792273562496

E:\Downloads\jfree\chart\renderer\xy\,DefaultXYItemRenderer,10,6,0.6,0.0,Infinity

E:\Downloads\jfree\chart\renderer\xy\,DeviationRenderer,308,142,0.461038961038961,29.0,0.015897895208240035

E:\Downloads\jfree\chart\renderer\xy\,GradientXYBarPainter,304,92,0.3026315789473684,31.0,0.009762308998302207

E:\Downloads\jfree\chart\renderer\xy\,HighLowRenderer,417,177,0.4244604316546763,48.0,0.008842925659472423

E:\Downloads\jfree\chart\renderer\xy\,SamplingXYLineRenderer,299,130,0.43478260869565216,23.0,0.01890359168241966

E:\Downloads\jfree\chart\renderer\xy\,StackedXYAreaRenderer,570,237,0.41578947368421054,63.0,0.0065998329156223895

E:\Downloads\jfree\chart\renderer\xy\,StackedXYAreaRenderer2,461,140,0.3036876355748373,44.0,0.006901991717609939

E:\Downloads\jfree\chart\renderer\xy\,StackedXYBarRenderer,353,121,0.34277620396600567,42.0,0.008161338189666802

E:\Downloads\jfree\chart\renderer\xy\,StandardXYBarPainter,26,12,0.46153846153846156,1.0,0.46153846153846156

E:\Downloads\jfree\chart\renderer\xy\,StandardXYItemRenderer,860,396,0.4604651162790698,96.0,0.004796511627906977

E:\Downloads\jfree\chart\renderer\xy\,VectorRenderer,280,76,0.2714285714285714,30.0,0.009047619047619047

E:\Downloads\jfree\chart\renderer\xy\,WindItemRenderer,120,38,0.31666666666666665,3.0,0.10555555555555556

E:\Downloads\jfree\chart\renderer\xy\,XYAreaRenderer,621,240,0.3864734299516908,69.0,0.005601064202198418

E:\Downloads\jfree\chart\renderer\xy\,XYAreaRenderer2,352,121,0.34375,32.0,0.0107421875

E:\Downloads\jfree\chart\renderer\xy\,XYBarPainter,19,15,0.7894736842105263,0.0,Infinity

E:\Downloads\jfree\chart\renderer\xy\,XYBarRenderer,1088,469,0.43106617647058826,128.0,0.0033677045036764708

E:\Downloads\jfree\chart\renderer\xy\,XYBlockRenderer,452,198,0.43805309734513276,50.0,0.008761061946902656

E:\Downloads\jfree\chart\renderer\xy\,XYBoxAndWhiskerRenderer,697,267,0.3830703012912482,65.0,0.0058933892506345875

E:\Downloads\jfree\chart\renderer\xy\,XYBubbleRenderer,274,84,0.30656934306569344,30.0,0.010218978102189781

E:\Downloads\jfree\chart\renderer\xy\,XYDifferenceRenderer,1025,321,0.3131707317073171,89.0,0.003518772266374349

E:\Downloads\jfree\chart\renderer\xy\,XYDotRenderer,310,143,0.4612903225806452,30.0,0.015376344086021506

E:\Downloads\jfree\chart\renderer\xy\,XYErrorRenderer,387,178,0.4599483204134367,35.0,0.013141380583241049

E:\Downloads\jfree\chart\renderer\xy\,XYItemRenderer,1412,860,0.6090651558073654,112.0,0.005438081748280048

E:\Downloads\jfree\chart\renderer\xy\,XYItemRendererState,133,98,0.7368421052631579,7.0,0.10526315789473684

E:\Downloads\jfree\chart\renderer\xy\,XYLineAndShapeRenderer,1032,524,0.5077519379844961,102.0,0.00497796017631859

E:\Downloads\jfree\chart\renderer\xy\,XYShapeRenderer,527,259,0.49146110056925996,52.0,0.009451175010947306

E:\Downloads\jfree\chart\renderer\xy\,XYSplineRenderer,427,176,0.41217798594847777,43.0,0.009585534556941343

E:\Downloads\jfree\chart\renderer\xy\,XYStepAreaRenderer,534,243,0.4550561797752809,59.0,0.007712816606360693

E:\Downloads\jfree\chart\renderer\xy\,XYStepRenderer,275,113,0.4109090909090909,26.0,0.015804195804195804

E:\Downloads\jfree\chart\renderer\xy\,YIntervalRenderer,240,100,0.4166666666666667,18.0,0.02314814814814815

E:\Downloads\jfree\chart\renderer\category\,AbstractCategoryItemRenderer,1521,599,0.3938198553583169,163.0,0.0024160727322596128

E:\Downloads\jfree\chart\renderer\category\,AreaRenderer,262,72,0.2748091603053435,30.0,0.00916030534351145

E:\Downloads\jfree\chart\renderer\category\,BarPainter,19,15,0.7894736842105263,0.0,Infinity

E:\Downloads\jfree\chart\renderer\category\,BarRenderer,1207,530,0.4391052195526098,132.0,0.003326554693580377

E:\Downloads\jfree\chart\renderer\category\,BoxAndWhiskerRenderer,926,357,0.3855291576673866,94.0,0.004101374017738155

E:\Downloads\jfree\chart\renderer\category\,CategoryItemRenderer,1483,856,0.5772083614295347,109.0,0.005295489554399401

E:\Downloads\jfree\chart\renderer\category\,CategoryItemRendererState,163,101,0.6196319018404908,15.0,0.041308793456032715

E:\Downloads\jfree\chart\renderer\category\,CategoryStepRenderer,286,118,0.4125874125874126,29.0,0.01422715215818664

E:\Downloads\jfree\chart\renderer\category\,DefaultCategoryItemRenderer,11,6,0.5454545454545454,0.0,Infinity

E:\Downloads\jfree\chart\renderer\category\,GanttRenderer,522,173,0.3314176245210728,55.0,0.006025774991292233

E:\Downloads\jfree\chart\renderer\category\,GradientBarPainter,305,93,0.30491803278688523,31.0,0.009836065573770491

E:\Downloads\jfree\chart\renderer\category\,GroupedStackedBarRenderer,295,79,0.2677966101694915,32.0,0.00836864406779661

E:\Downloads\jfree\chart\renderer\category\,IntervalBarRenderer,181,66,0.36464088397790057,19.0,0.01919162547252108

E:\Downloads\jfree\chart\renderer\category\,LayeredBarRenderer,358,104,0.2905027932960894,49.0,0.00592862843461407

E:\Downloads\jfree\chart\renderer\category\,LevelRenderer,369,150,0.4065040650406504,34.0,0.011956001912960305

E:\Downloads\jfree\chart\renderer\category\,LineAndShapeRenderer,747,369,0.4939759036144578,78.0,0.006333024405313562

E:\Downloads\jfree\chart\renderer\category\,MinMaxCategoryRenderer,456,191,0.41885964912280704,41.0,0.010216089002995294

E:\Downloads\jfree\chart\renderer\category\,ScatterRenderer,499,232,0.4649298597194389,51.0,0.009116271759204684

E:\Downloads\jfree\chart\renderer\category\,StackedAreaRenderer,402,122,0.3034825870646766,40.0,0.007587064676616915

E:\Downloads\jfree\chart\renderer\category\,StackedBarRenderer,306,93,0.30392156862745096,37.0,0.008214096449390567

E:\Downloads\jfree\chart\renderer\category\,StandardBarPainter,26,12,0.46153846153846156,1.0,0.46153846153846156

E:\Downloads\jfree\chart\renderer\category\,StatisticalBarRenderer,484,154,0.3181818181818182,54.0,0.005892255892255892

E:\Downloads\jfree\chart\renderer\category\,StatisticalLineAndShapeRenderer,394,128,0.3248730964467005,45.0,0.00721940214326001

E:\Downloads\jfree\chart\renderer\category\,WaterfallBarRenderer,392,134,0.34183673469387754,41.0,0.008337481333997013

E:\Downloads\jfree\chart\renderer\,AbstractRenderer,2832,1615,0.570268361581921,304.0,0.0018758827683615822

E:\Downloads\jfree\chart\renderer\,AreaRendererEndType,7,3,0.42857142857142855,0.0,Infinity

E:\Downloads\jfree\chart\renderer\,DefaultPolarItemRenderer,870,376,0.432183908045977,88.0,0.004911180773249739

E:\Downloads\jfree\chart\renderer\,GrayPaintScale,174,94,0.5402298850574713,17.0,0.03177822853279243

E:\Downloads\jfree\chart\renderer\,LookupPaintScale,311,134,0.43086816720257237,38.0,0.011338635979015063

E:\Downloads\jfree\chart\renderer\,NotOutlierException,13,9,0.6923076923076923,1.0,0.6923076923076923

E:\Downloads\jfree\chart\renderer\,Outlier,150,82,0.5466666666666666,17.0,0.03215686274509804

E:\Downloads\jfree\chart\renderer\,OutlierList,118,71,0.6016949152542372,11.0,0.054699537750385205

E:\Downloads\jfree\chart\renderer\,OutlierListCollection,119,72,0.6050420168067226,12.0,0.050420168067226885

E:\Downloads\jfree\chart\renderer\,PaintScale,38,29,0.7631578947368421,1.0,0.7631578947368421

E:\Downloads\jfree\chart\renderer\,PolarItemRenderer,146,92,0.6301369863013698,5.0,0.12602739726027395

E:\Downloads\jfree\chart\renderer\,RendererState,70,41,0.5857142857142857,7.0,0.0836734693877551

E:\Downloads\jfree\chart\renderer\,RendererUtils,216,65,0.30092592592592593,32.0,0.009403935185185185

E:\Downloads\jfree\chart\renderer\,WaferMapRenderer,307,109,0.3550488599348534,45.0,0.007889974665218964

E:\Downloads\jfree\chart\plot\dial\,AbstractDialLayer,158,86,0.5443037974683544,15.0,0.03628691983122363

E:\Downloads\jfree\chart\plot\dial\,ArcDialFrame,432,206,0.47685185185185186,36.0,0.013245884773662552

E:\Downloads\jfree\chart\plot\dial\,DialBackground,207,109,0.5265700483091788,18.0,0.029253891572732154

E:\Downloads\jfree\chart\plot\dial\,DialCap,271,141,0.5202952029520295,23.0,0.022621530563131716

E:\Downloads\jfree\chart\plot\dial\,DialFrame,14,10,0.7142857142857143,0.0,Infinity

E:\Downloads\jfree\chart\plot\dial\,DialLayer,68,41,0.6029411764705882,3.0,0.20098039215686272

E:\Downloads\jfree\chart\plot\dial\,DialLayerChangeEvent,27,17,0.6296296296296297,2.0,0.3148148148148148

E:\Downloads\jfree\chart\plot\dial\,DialLayerChangeListener,9,7,0.7777777777777778,0.0,Infinity

E:\Downloads\jfree\chart\plot\dial\,DialPlot,711,340,0.4781997187060478,80.0,0.005977496483825598

E:\Downloads\jfree\chart\plot\dial\,DialPointer,543,266,0.48987108655616945,47.0,0.01042278907566318

E:\Downloads\jfree\chart\plot\dial\,DialScale,7,6,0.8571428571428571,0.0,Infinity

E:\Downloads\jfree\chart\plot\dial\,DialTextAnnotation,326,169,0.5184049079754601,29.0,0.017876031309498625

E:\Downloads\jfree\chart\plot\dial\,DialValueIndicator,661,336,0.5083207261724659,60.0,0.008472012102874432

E:\Downloads\jfree\chart\plot\dial\,StandardDialFrame,287,140,0.4878048780487805,24.0,0.02032520325203252

E:\Downloads\jfree\chart\plot\dial\,StandardDialRange,356,177,0.49719101123595505,35.0,0.01420545746388443

E:\Downloads\jfree\chart\plot\dial\,StandardDialScale,895,480,0.5363128491620112,81.0,0.006621146285950755

E:\Downloads\jfree\chart\plot\,AbstractPieLabelDistributor,51,30,0.5882352941176471,5.0,0.11764705882352941

E:\Downloads\jfree\chart\plot\,CategoryCrosshairState,122,60,0.4918032786885246,13.0,0.03783102143757881

E:\Downloads\jfree\chart\plot\,CategoryMarker,126,67,0.5317460317460317,13.0,0.040903540903540904

E:\Downloads\jfree\chart\plot\,CategoryPlot,4589,2189,0.47701024188276314,516.0,9.244384532611689E-4

E:\Downloads\jfree\chart\plot\,CenterTextMode,9,5,0.5555555555555556,0.0,Infinity

E:\Downloads\jfree\chart\plot\,CombinedDomainCategoryPlot,577,216,0.37435008665511266,71.0,0.00527253643176215

E:\Downloads\jfree\chart\plot\,CombinedDomainXYPlot,637,256,0.40188383045525905,85.0,0.004728045064179519

E:\Downloads\jfree\chart\plot\,CombinedRangeCategoryPlot,465,168,0.36129032258064514,61.0,0.005922792173453199

E:\Downloads\jfree\chart\plot\,CombinedRangeXYPlot,593,234,0.3946037099494098,78.0,0.005059021922428331

E:\Downloads\jfree\chart\plot\,CompassPlot,733,293,0.39972714870395637,85.0,0.004702672337693605

E:\Downloads\jfree\chart\plot\,Crosshair,639,344,0.5383411580594679,57.0,0.009444581720341542

E:\Downloads\jfree\chart\plot\,CrosshairState,308,201,0.6525974025974026,27.0,0.024170274170274172

E:\Downloads\jfree\chart\plot\,DatasetRenderingOrder,8,5,0.625,0.0,Infinity

E:\Downloads\jfree\chart\plot\,DefaultDrawingSupplier,430,156,0.3627906976744186,44.0,0.00824524312896406

E:\Downloads\jfree\chart\plot\,DialShape,8,4,0.5,0.0,Infinity

E:\Downloads\jfree\chart\plot\,DrawingSupplier,55,37,0.6727272727272727,3.0,0.22424242424242424

E:\Downloads\jfree\chart\plot\,FastScatterPlot,953,450,0.472193074501574,97.0,0.004867969840222412

E:\Downloads\jfree\chart\plot\,IntervalMarker,166,86,0.5180722891566265,17.0,0.03047484053862509

E:\Downloads\jfree\chart\plot\,Marker,570,312,0.5473684210526316,56.0,0.009774436090225564

E:\Downloads\jfree\chart\plot\,MeterInterval,161,74,0.45962732919254656,17.0,0.02703690171720862

E:\Downloads\jfree\chart\plot\,MeterPlot,1097,462,0.4211485870556062,112.0,0.0037602552415679125

E:\Downloads\jfree\chart\plot\,MultiplePiePlot,564,213,0.3776595744680851,61.0,0.006191140565050576

E:\Downloads\jfree\chart\plot\,Pannable,28,23,0.8214285714285714,2.0,0.4107142857142857

E:\Downloads\jfree\chart\plot\,PieLabelDistributor,164,61,0.3719512195121951,26.0,0.014305816135084427

E:\Downloads\jfree\chart\plot\,PieLabelLinkStyle,10,6,0.6,0.0,Infinity

E:\Downloads\jfree\chart\plot\,PieLabelRecord,216,104,0.48148148148148145,29.0,0.016602809706257982

E:\Downloads\jfree\chart\plot\,PiePlot,2998,1442,0.4809873248832555,286.0,0.0016817738632281662

E:\Downloads\jfree\chart\plot\,PiePlotState,202,124,0.6138613861386139,21.0,0.029231494578029232

E:\Downloads\jfree\chart\plot\,Plot,1322,664,0.5022692889561271,157.0,0.0031991674455804273

E:\Downloads\jfree\chart\plot\,PlotOrientation,32,23,0.71875,2.0,0.359375

E:\Downloads\jfree\chart\plot\,PlotRenderingInfo,227,112,0.4933920704845815,25.0,0.01973568281938326

E:\Downloads\jfree\chart\plot\,PlotState,24,12,0.5,1.0,0.5

E:\Downloads\jfree\chart\plot\,PolarAxisLocation,14,5,0.35714285714285715,0.0,Infinity

E:\Downloads\jfree\chart\plot\,PolarPlot,1924,904,0.4698544698544699,221.0,0.002126038325133348

E:\Downloads\jfree\chart\plot\,RingPlot,623,289,0.463884430176565,62.0,0.007482006938331694

E:\Downloads\jfree\chart\plot\,SeriesRenderingOrder,7,4,0.5714285714285714,0.0,Infinity

E:\Downloads\jfree\chart\plot\,SpiderWebPlot,1392,632,0.4540229885057471,140.0,0.0032430213464696225

E:\Downloads\jfree\chart\plot\,ThermometerPlot,1430,672,0.4699300699300699,153.0,0.0030714383655560127

E:\Downloads\jfree\chart\plot\,ValueAxisPlot,7,4,0.5714285714285714,0.0,Infinity

E:\Downloads\jfree\chart\plot\,ValueMarker,100,59,0.59,10.0,0.059

E:\Downloads\jfree\chart\plot\,WaferMapPlot,343,113,0.3294460641399417,32.0,0.010295189504373178

E:\Downloads\jfree\chart\plot\,XYCrosshairState,11,7,0.6363636363636364,1.0,0.6363636363636364

E:\Downloads\jfree\chart\plot\,XYPlot,5019,2297,0.45766088862323173,615.0,7.441640465418402E-4

E:\Downloads\jfree\chart\plot\,Zoomable,125,50,0.4,8.0,0.05

E:\Downloads\jfree\chart\panel\,AbstractOverlay,67,34,0.5074626865671642,7.0,0.07249466950959489

E:\Downloads\jfree\chart\panel\,CrosshairOverlay,530,138,0.26037735849056604,81.0,0.003214535290006988

E:\Downloads\jfree\chart\panel\,Overlay,46,32,0.6956521739130435,2.0,0.34782608695652173

E:\Downloads\jfree\chart\needle\,ArrowNeedle,118,42,0.3559322033898305,12.0,0.029661016949152543

E:\Downloads\jfree\chart\needle\,LineNeedle,72,33,0.4583333333333333,7.0,0.06547619047619048

E:\Downloads\jfree\chart\needle\,LongNeedle,123,38,0.3089430894308943,12.0,0.025745257452574527

E:\Downloads\jfree\chart\needle\,MeterNeedle,336,160,0.47619047619047616,40.0,0.011904761904761904

E:\Downloads\jfree\chart\needle\,MiddlePinNeedle,94,35,0.3723404255319149,9.0,0.041371158392434985

E:\Downloads\jfree\chart\needle\,PinNeedle,92,35,0.3804347826086957,9.0,0.042270531400966184

E:\Downloads\jfree\chart\needle\,PlumNeedle,82,33,0.4024390243902439,8.0,0.05030487804878049

E:\Downloads\jfree\chart\needle\,PointerNeedle,102,34,0.3333333333333333,11.0,0.0303030303030303

E:\Downloads\jfree\chart\needle\,ShipNeedle,82,34,0.4146341463414634,8.0,0.051829268292682924

E:\Downloads\jfree\chart\needle\,WindNeedle,72,29,0.4027777777777778,8.0,0.050347222222222224

E:\Downloads\jfree\chart\labels\,AbstractCategoryItemLabelGenerator,251,118,0.4701195219123506,24.0,0.019588313413014608

E:\Downloads\jfree\chart\labels\,AbstractPieItemLabelGenerator,176,75,0.42613636363636365,20.0,0.021306818181818184

E:\Downloads\jfree\chart\labels\,AbstractXYItemLabelGenerator,282,129,0.4574468085106383,31.0,0.014756348661633494

E:\Downloads\jfree\chart\labels\,BoxAndWhiskerToolTipGenerator,96,46,0.4791666666666667,7.0,0.06845238095238096

E:\Downloads\jfree\chart\labels\,BoxAndWhiskerXYToolTipGenerator,105,50,0.47619047619047616,8.0,0.05952380952380952

E:\Downloads\jfree\chart\labels\,BubbleXYItemLabelGenerator,207,94,0.45410628019323673,19.0,0.023900330536486145

E:\Downloads\jfree\chart\labels\,CategoryItemLabelGenerator,41,30,0.7317073170731707,2.0,0.36585365853658536

E:\Downloads\jfree\chart\labels\,CategorySeriesLabelGenerator,10,8,0.8,0.0,Infinity

E:\Downloads\jfree\chart\labels\,CategoryToolTipGenerator,12,10,0.8333333333333334,0.0,Infinity

E:\Downloads\jfree\chart\labels\,CrosshairLabelGenerator,7,5,0.7142857142857143,0.0,Infinity

E:\Downloads\jfree\chart\labels\,CustomXYToolTipGenerator,132,57,0.4318181818181818,18.0,0.02398989898989899

E:\Downloads\jfree\chart\labels\,HighLowItemLabelGenerator,161,58,0.36024844720496896,21.0,0.01715468796214138

E:\Downloads\jfree\chart\labels\,IntervalCategoryItemLabelGenerator,85,33,0.38823529411764707,9.0,0.043137254901960784

E:\Downloads\jfree\chart\labels\,IntervalCategoryToolTipGenerator,104,42,0.40384615384615385,13.0,0.03106508875739645

E:\Downloads\jfree\chart\labels\,IntervalXYItemLabelGenerator,212,86,0.4056603773584906,21.0,0.01931716082659479

E:\Downloads\jfree\chart\labels\,IntervalXYToolTipGenerator,209,86,0.41148325358851673,21.0,0.019594440647072227

E:\Downloads\jfree\chart\labels\,ItemLabelAnchor,30,4,0.13333333333333333,0.0,Infinity

E:\Downloads\jfree\chart\labels\,ItemLabelPosition,133,59,0.44360902255639095,15.0,0.02957393483709273

E:\Downloads\jfree\chart\labels\,MultipleXYSeriesLabelGenerator,178,65,0.3651685393258427,19.0,0.0192193968066233

E:\Downloads\jfree\chart\labels\,PieSectionLabelGenerator,47,17,0.3617021276595745,1.0,0.3617021276595745

E:\Downloads\jfree\chart\labels\,PieToolTipGenerator,6,4,0.6666666666666666,0.0,Infinity

E:\Downloads\jfree\chart\labels\,StandardCategoryItemLabelGenerator,98,53,0.5408163265306123,9.0,0.06009070294784581

E:\Downloads\jfree\chart\labels\,StandardCategorySeriesLabelGenerator,107,52,0.48598130841121495,10.0,0.048598130841121495

E:\Downloads\jfree\chart\labels\,StandardCategoryToolTipGenerator,82,41,0.5,8.0,0.0625

E:\Downloads\jfree\chart\labels\,StandardCrosshairLabelGenerator,107,47,0.4392523364485981,13.0,0.03378864126527678

E:\Downloads\jfree\chart\labels\,StandardPieSectionLabelGenerator,197,114,0.5786802030456852,15.0,0.03857868020304568

E:\Downloads\jfree\chart\labels\,StandardPieToolTipGenerator,95,60,0.631578947368421,7.0,0.09022556390977443

E:\Downloads\jfree\chart\labels\,StandardXYItemLabelGenerator,140,84,0.6,12.0,0.049999999999999996

E:\Downloads\jfree\chart\labels\,StandardXYSeriesLabelGenerator,114,58,0.5087719298245614,10.0,0.050877192982456146

E:\Downloads\jfree\chart\labels\,StandardXYToolTipGenerator,139,82,0.5899280575539568,12.0,0.049160671462829736

E:\Downloads\jfree\chart\labels\,StandardXYZToolTipGenerator,194,87,0.4484536082474227,18.0,0.02491408934707904

E:\Downloads\jfree\chart\labels\,SymbolicXYItemLabelGenerator,119,52,0.4369747899159664,12.0,0.036414565826330535

E:\Downloads\jfree\chart\labels\,XYItemLabelGenerator,6,4,0.6666666666666666,0.0,Infinity

E:\Downloads\jfree\chart\labels\,XYSeriesLabelGenerator,10,8,0.8,0.0,Infinity

E:\Downloads\jfree\chart\labels\,XYToolTipGenerator,6,4,0.6666666666666666,0.0,Infinity

E:\Downloads\jfree\chart\labels\,XYZToolTipGenerator,6,4,0.6666666666666666,0.0,Infinity

E:\Downloads\jfree\chart\imagemap\,DynamicDriveToolTipTagFragmentGenerator,42,24,0.5714285714285714,3.0,0.19047619047619047

E:\Downloads\jfree\chart\imagemap\,ImageMapUtils,205,84,0.4097560975609756,23.0,0.017815482502651112

E:\Downloads\jfree\chart\imagemap\,OverLIBToolTipTagFragmentGenerator,25,14,0.56,2.0,0.28

E:\Downloads\jfree\chart\imagemap\,StandardToolTipTagFragmentGenerator,23,13,0.5652173913043478,2.0,0.2826086956521739

E:\Downloads\jfree\chart\imagemap\,StandardURLTagFragmentGenerator,23,14,0.6086956521739131,2.0,0.30434782608695654

E:\Downloads\jfree\chart\imagemap\,ToolTipTagFragmentGenerator,5,4,0.8,0.0,Infinity

E:\Downloads\jfree\chart\imagemap\,URLTagFragmentGenerator,8,3,0.375,0.0,Infinity

E:\Downloads\jfree\chart\event\,AnnotationChangeEvent,35,23,0.6571428571428571,2.0,0.32857142857142857

E:\Downloads\jfree\chart\event\,AnnotationChangeListener,9,6,0.6666666666666666,0.0,Infinity

E:\Downloads\jfree\chart\event\,AxisChangeEvent,25,16,0.64,2.0,0.32

E:\Downloads\jfree\chart\event\,AxisChangeListener,12,10,0.8333333333333334,0.0,Infinity

E:\Downloads\jfree\chart\event\,ChartChangeEvent,78,46,0.5897435897435898,7.0,0.08424908424908426

E:\Downloads\jfree\chart\event\,ChartChangeEventType,7,3,0.42857142857142855,0.0,Infinity

E:\Downloads\jfree\chart\event\,ChartChangeListener,10,8,0.8,0.0,Infinity

E:\Downloads\jfree\chart\event\,ChartProgressEvent,78,45,0.5769230769230769,7.0,0.08241758241758242

E:\Downloads\jfree\chart\event\,ChartProgressEventType,8,5,0.625,0.0,Infinity

E:\Downloads\jfree\chart\event\,ChartProgressListener,6,4,0.6666666666666666,0.0,Infinity

E:\Downloads\jfree\chart\event\,MarkerChangeEvent,32,23,0.71875,2.0,0.359375

E:\Downloads\jfree\chart\event\,MarkerChangeListener,9,6,0.6666666666666666,0.0,Infinity

E:\Downloads\jfree\chart\event\,OverlayChangeEvent,16,11,0.6875,1.0,0.6875

E:\Downloads\jfree\chart\event\,OverlayChangeListener,8,5,0.625,0.0,Infinity

E:\Downloads\jfree\chart\event\,PlotChangeEvent,27,17,0.6296296296296297,2.0,0.3148148148148148

E:\Downloads\jfree\chart\event\,PlotChangeListener,7,5,0.7142857142857143,0.0,Infinity

E:\Downloads\jfree\chart\event\,RendererChangeEvent,54,37,0.6851851851851852,4.0,0.1712962962962963

E:\Downloads\jfree\chart\event\,RendererChangeListener,6,4,0.6666666666666666,0.0,Infinity

E:\Downloads\jfree\chart\event\,TitleChangeEvent,24,14,0.5833333333333334,2.0,0.2916666666666667

E:\Downloads\jfree\chart\event\,TitleChangeListener,7,5,0.7142857142857143,0.0,Infinity

E:\Downloads\jfree\chart\entity\,AxisEntity,156,79,0.5064102564102564,16.0,0.031650641025641024

E:\Downloads\jfree\chart\entity\,CategoryItemEntity,155,92,0.5935483870967742,13.0,0.045657568238213396

E:\Downloads\jfree\chart\entity\,CategoryLabelEntity,80,37,0.4625,8.0,0.0578125

E:\Downloads\jfree\chart\entity\,ChartEntity,332,153,0.4608433734939759,35.0,0.013166953528399312

E:\Downloads\jfree\chart\entity\,EntityCollection,17,13,0.7647058823529411,1.0,0.7647058823529411

E:\Downloads\jfree\chart\entity\,JFreeChartEntity,155,78,0.5032258064516129,16.0,0.031451612903225803

E:\Downloads\jfree\chart\entity\,LegendItemEntity,130,76,0.5846153846153846,13.0,0.04497041420118343

E:\Downloads\jfree\chart\entity\,PieSectionEntity,173,94,0.5433526011560693,18.0,0.030186255619781627

E:\Downloads\jfree\chart\entity\,PlotEntity,155,78,0.5032258064516129,16.0,0.031451612903225803

E:\Downloads\jfree\chart\entity\,StandardEntityCollection,153,69,0.45098039215686275,17.0,0.0265282583621684

E:\Downloads\jfree\chart\entity\,TickLabelEntity,20,12,0.6,1.0,0.6

E:\Downloads\jfree\chart\entity\,TitleEntity,155,78,0.5032258064516129,16.0,0.031451612903225803

E:\Downloads\jfree\chart\entity\,XYAnnotationEntity,64,31,0.484375,8.0,0.060546875

E:\Downloads\jfree\chart\entity\,XYItemEntity,115,61,0.5304347826086957,13.0,0.04080267558528428

E:\Downloads\jfree\chart\encoders\,EncoderUtil,136,85,0.625,8.0,0.078125

E:\Downloads\jfree\chart\encoders\,ImageEncoder,7,3,0.42857142857142855,0.0,Infinity

E:\Downloads\jfree\chart\encoders\,ImageEncoderFactory,97,47,0.4845360824742268,7.0,0.06921944035346098

E:\Downloads\jfree\chart\encoders\,ImageFormat,10,6,0.6,0.0,Infinity

E:\Downloads\jfree\chart\encoders\,SunJPEGEncoderAdapter,119,62,0.5210084033613446,8.0,0.06512605042016807

E:\Downloads\jfree\chart\encoders\,SunPNGEncoderAdapter,80,46,0.575,6.0,0.09583333333333333

E:\Downloads\jfree\chart\editor\,ChartEditor,9,6,0.6666666666666666,0.0,Infinity

E:\Downloads\jfree\chart\editor\,ChartEditorFactory,5,3,0.6,0.0,Infinity

E:\Downloads\jfree\chart\editor\,ChartEditorManager,44,28,0.6363636363636364,4.0,0.1590909090909091

E:\Downloads\jfree\chart\editor\,DefaultAxisEditor,411,186,0.45255474452554745,28.0,0.01616266944734098

E:\Downloads\jfree\chart\editor\,DefaultChartEditor,199,54,0.271356783919598,11.0,0.024668798538145274

E:\Downloads\jfree\chart\editor\,DefaultChartEditorFactory,21,13,0.6190476190476191,2.0,0.30952380952380953

E:\Downloads\jfree\chart\editor\,DefaultLogAxisEditor,111,31,0.27927927927927926,12.0,0.023273273273273273

E:\Downloads\jfree\chart\editor\,DefaultNumberAxisEditor,115,19,0.16521739130434782,12.0,0.013768115942028985

E:\Downloads\jfree\chart\editor\,DefaultPlotEditor,515,145,0.2815533980582524,67.0,0.004202289523257499

E:\Downloads\jfree\chart\editor\,DefaultPolarPlotEditor,151,42,0.2781456953642384,14.0,0.01986754966887417

E:\Downloads\jfree\chart\editor\,DefaultTitleEditor,221,62,0.28054298642533937,17.0,0.016502528613255258

E:\Downloads\jfree\chart\editor\,DefaultValueAxisEditor,327,97,0.2966360856269113,33.0,0.008988972291724585

E:\Downloads\jfree\chart\date\,MonthConstants,29,15,0.5172413793103449,0.0,Infinity

E:\Downloads\jfree\chart\date\package-,info,3,3,1.0,0.0,Infinity

E:\Downloads\jfree\chart\date\,SerialDate,829,454,0.5476477683956574,116.0,0.004721101451686702

E:\Downloads\jfree\chart\date\,SpreadsheetDate,369,195,0.5284552845528455,34.0,0.015542802486848398

E:\Downloads\jfree\chart\block\,AbstractBlock,551,293,0.5317604355716878,55.0,0.00966837155584887

E:\Downloads\jfree\chart\block\,Arrangement,28,20,0.7142857142857143,1.0,0.7142857142857143

E:\Downloads\jfree\chart\block\,Block,66,46,0.696969696969697,2.0,0.3484848484848485

E:\Downloads\jfree\chart\block\,BlockBorder,177,78,0.4406779661016949,19.0,0.0231935771632471

E:\Downloads\jfree\chart\block\,BlockContainer,221,93,0.42081447963800905,26.0,0.01618517229376958

E:\Downloads\jfree\chart\block\,BlockFrame,12,7,0.5833333333333334,0.0,Infinity

E:\Downloads\jfree\chart\block\,BlockParams,84,56,0.6666666666666666,7.0,0.09523809523809523

E:\Downloads\jfree\chart\block\,BlockResult,31,18,0.5806451612903226,3.0,0.19354838709677422

E:\Downloads\jfree\chart\block\,BorderArrangement,460,90,0.1956521739130435,70.0,0.0027950310559006213

E:\Downloads\jfree\chart\block\,CenterArrangement,264,126,0.4772727272727273,31.0,0.015395894428152493

E:\Downloads\jfree\chart\block\,ColorBlock,129,65,0.5038759689922481,11.0,0.04580690627202255

E:\Downloads\jfree\chart\block\,ColumnArrangement,321,115,0.3582554517133956,42.0,0.0085298917074618

E:\Downloads\jfree\chart\block\,EmptyBlock,75,43,0.5733333333333334,5.0,0.11466666666666667

E:\Downloads\jfree\chart\block\,EntityBlockParams,6,5,0.8333333333333334,0.0,Infinity

E:\Downloads\jfree\chart\block\,EntityBlockResult,6,4,0.6666666666666666,0.0,Infinity

E:\Downloads\jfree\chart\block\,FlowArrangement,376,143,0.3803191489361702,46.0,0.008267807585568917

E:\Downloads\jfree\chart\block\,GridArrangement,375,131,0.34933333333333333,51.0,0.006849673202614379

E:\Downloads\jfree\chart\block\,LabelBlock,359,181,0.5041782729805014,34.0,0.01482877273472063

E:\Downloads\jfree\chart\block\,LengthConstraintType,7,3,0.42857142857142855,0.0,Infinity

E:\Downloads\jfree\chart\block\,LineBorder,180,63,0.35,19.0,0.018421052631578946

E:\Downloads\jfree\chart\block\,RectangleConstraint,284,136,0.4788732394366197,33.0,0.014511310285958173

E:\Downloads\jfree\chart\axis\,Axis,1520,726,0.4776315789473684,154.0,0.003101503759398496

E:\Downloads\jfree\chart\axis\,AxisCollection,90,43,0.4777777777777778,11.0,0.043434343434343436

E:\Downloads\jfree\chart\axis\,AxisLabelLocation,9,5,0.5555555555555556,0.0,Infinity

E:\Downloads\jfree\chart\axis\,AxisLocation,46,22,0.4782608695652174,7.0,0.06832298136645963

E:\Downloads\jfree\chart\axis\,AxisSpace,305,118,0.38688524590163936,43.0,0.008997331300038125

E:\Downloads\jfree\chart\axis\,AxisState,138,74,0.5362318840579711,18.0,0.029790660225442838

E:\Downloads\jfree\chart\axis\,CategoryAnchor,8,4,0.5,0.0,Infinity

E:\Downloads\jfree\chart\axis\,CategoryAxis,1305,557,0.42681992337164754,136.0,0.0031383817894974084

E:\Downloads\jfree\chart\axis\,CategoryLabelPosition,192,95,0.4947916666666667,20.0,0.024739583333333336

E:\Downloads\jfree\chart\axis\,CategoryLabelPositions,329,134,0.4072948328267477,21.0,0.01939499203936894

E:\Downloads\jfree\chart\axis\,CategoryLabelWidthType,6,3,0.5,0.0,Infinity

E:\Downloads\jfree\chart\axis\,CategoryTick,95,42,0.4421052631578947,11.0,0.04019138755980861

E:\Downloads\jfree\chart\axis\,CompassFormat,106,60,0.5660377358490566,9.0,0.06289308176100629

E:\Downloads\jfree\chart\axis\,CyclicNumberAxis,1021,370,0.3623898139079334,105.0,0.003451331561027937

E:\Downloads\jfree\chart\axis\,DateAxis,1637,577,0.35247403787416004,133.0,0.0026501807358959403

E:\Downloads\jfree\chart\axis\,DateTick,84,44,0.5238095238095238,8.0,0.06547619047619048

E:\Downloads\jfree\chart\axis\,DateTickMarkPosition,8,4,0.5,0.0,Infinity

E:\Downloads\jfree\chart\axis\,DateTickUnit,303,165,0.5445544554455446,32.0,0.01701732673267327

E:\Downloads\jfree\chart\axis\,DateTickUnitType,39,23,0.5897435897435898,1.0,0.5897435897435898

E:\Downloads\jfree\chart\axis\,ExtendedCategoryAxis,193,89,0.46113989637305697,20.0,0.023056994818652848

E:\Downloads\jfree\chart\axis\,LogarithmicAxis,913,420,0.4600219058050383,100.0,0.004600219058050383

E:\Downloads\jfree\chart\axis\,LogAxis,952,394,0.41386554621848737,97.0,0.004266655115654509

E:\Downloads\jfree\chart\axis\,LogTick,31,19,0.6129032258064516,2.0,0.3064516129032258

E:\Downloads\jfree\chart\axis\,MarkerAxisBand,201,63,0.31343283582089554,18.0,0.017412935323383085

E:\Downloads\jfree\chart\axis\,ModuloAxis,361,152,0.42105263157894735,40.0,0.010526315789473684

E:\Downloads\jfree\chart\axis\,MonthDateFormat,193,97,0.5025906735751295,19.0,0.0264521407144805

E:\Downloads\jfree\chart\axis\,NumberAxis,977,387,0.3961105424769703,111.0,0.003568563445738471

E:\Downloads\jfree\chart\axis\,NumberTick,49,32,0.6530612244897959,3.0,0.21768707482993196

E:\Downloads\jfree\chart\axis\,NumberTickUnit,103,51,0.49514563106796117,11.0,0.04501323918799647

E:\Downloads\jfree\chart\axis\,NumberTickUnitSource,179,24,0.1340782122905028,39.0,0.0034379028792436614

E:\Downloads\jfree\chart\axis\,PeriodAxis,1058,397,0.3752362948960302,114.0,0.0032915464464564055

E:\Downloads\jfree\chart\axis\,PeriodAxisLabelInfo,285,129,0.45263157894736844,26.0,0.017408906882591092

E:\Downloads\jfree\chart\axis\,QuarterDateFormat,144,65,0.4513888888888889,12.0,0.03761574074074074

E:\Downloads\jfree\chart\axis\,StandardTickUnitSource,82,45,0.5487804878048781,7.0,0.07839721254355402

E:\Downloads\jfree\chart\axis\,SubCategoryAxis,366,130,0.3551912568306011,40.0,0.008879781420765027

E:\Downloads\jfree\chart\axis\,SymbolAxis,652,235,0.3604294478527607,67.0,0.0053795439978023985

E:\Downloads\jfree\chart\axis\,Tick,120,57,0.475,14.0,0.033928571428571426

E:\Downloads\jfree\chart\axis\,TickType,8,5,0.625,0.0,Infinity

E:\Downloads\jfree\chart\axis\,TickUnit,136,74,0.5441176470588235,15.0,0.036274509803921565

E:\Downloads\jfree\chart\axis\,TickUnits,139,69,0.49640287769784175,14.0,0.0354573484069887

E:\Downloads\jfree\chart\axis\,TickUnitSource,33,30,0.9090909090909091,1.0,0.9090909090909091

E:\Downloads\jfree\chart\axis\,Timeline,90,81,0.9,0.0,Infinity

E:\Downloads\jfree\chart\axis\,ValueAxis,1506,730,0.4847277556440903,162.0,0.002992146639778335

E:\Downloads\jfree\chart\axis\,ValueTick,92,52,0.5652173913043478,9.0,0.06280193236714976

E:\Downloads\jfree\chart\annotations\,AbstractAnnotation,163,97,0.5950920245398773,15.0,0.03967280163599182

E:\Downloads\jfree\chart\annotations\,AbstractXYAnnotation,152,68,0.4473684210526316,17.0,0.02631578947368421

E:\Downloads\jfree\chart\annotations\,Annotation,10,7,0.7,0.0,Infinity

E:\Downloads\jfree\chart\annotations\,CategoryAnnotation,12,6,0.5,0.0,Infinity

E:\Downloads\jfree\chart\annotations\,CategoryLineAnnotation,348,155,0.4454022988505747,29.0,0.015358699960364645

E:\Downloads\jfree\chart\annotations\,CategoryPointerAnnotation,445,210,0.47191011235955055,35.0,0.01348314606741573

E:\Downloads\jfree\chart\annotations\,CategoryTextAnnotation,209,88,0.42105263157894735,19.0,0.0221606648199446

E:\Downloads\jfree\chart\annotations\,TextAnnotation,276,141,0.5108695652173914,25.0,0.020434782608695655

E:\Downloads\jfree\chart\annotations\,XYAnnotation,12,6,0.5,0.0,Infinity

E:\Downloads\jfree\chart\annotations\,XYAnnotationBoundsInfo,7,5,0.7142857142857143,0.0,Infinity

E:\Downloads\jfree\chart\annotations\,XYBoxAnnotation,242,93,0.384297520661157,23.0,0.016708587854832913

E:\Downloads\jfree\chart\annotations\,XYDataImageAnnotation,310,153,0.4935483870967742,28.0,0.017626728110599076

E:\Downloads\jfree\chart\annotations\,XYDrawableAnnotation,191,71,0.3717277486910995,16.0,0.023232984293193717

E:\Downloads\jfree\chart\annotations\,XYImageAnnotation,246,114,0.4634146341463415,22.0,0.02106430155210643

E:\Downloads\jfree\chart\annotations\,XYLineAnnotation,239,82,0.34309623430962344,21.0,0.01633791591950588

E:\Downloads\jfree\chart\annotations\,XYPointerAnnotation,454,207,0.45594713656387664,37.0,0.012322895582807476

E:\Downloads\jfree\chart\annotations\,XYPolygonAnnotation,292,123,0.4212328767123288,29.0,0.014525271610769958

E:\Downloads\jfree\chart\annotations\,XYShapeAnnotation,234,84,0.358974358974359,21.0,0.017094017094017096

E:\Downloads\jfree\chart\annotations\,XYTextAnnotation,566,290,0.5123674911660777,49.0,0.010456479411552606

E:\Downloads\jfree\chart\annotations\,XYTitleAnnotation,321,113,0.35202492211838005,36.0,0.00977847005884389

E:\Downloads\jfree\chart\,ChartColor,112,44,0.39285714285714285,2.0,0.19642857142857142

E:\Downloads\jfree\chart\,ChartFactory,1869,873,0.46709470304975925,119.0,0.003925165571846716

E:\Downloads\jfree\chart\,ChartFrame,45,23,0.5111111111111111,4.0,0.12777777777777777

E:\Downloads\jfree\chart\,ChartHints,58,35,0.603448275862069,6.0,0.10057471264367816

E:\Downloads\jfree\chart\,ChartMouseEvent,58,33,0.5689655172413793,4.0,0.14224137931034483

E:\Downloads\jfree\chart\,ChartMouseListener,21,17,0.8095238095238095,0.0,Infinity

E:\Downloads\jfree\chart\,ChartPanel,2716,1098,0.40427098674521356,270.0,0.0014972999509081984

E:\Downloads\jfree\chart\,ChartRenderingInfo,194,99,0.5103092783505154,21.0,0.02430044182621502

E:\Downloads\jfree\chart\,ChartTheme,10,9,0.9,0.0,Infinity

E:\Downloads\jfree\chart\,ChartTransferable,210,108,0.5142857142857142,13.0,0.03956043956043956

E:\Downloads\jfree\chart\,ChartUtils,611,360,0.5891980360065466,32.0,0.018412438625204582

E:\Downloads\jfree\chart\,HashUtils,281,155,0.5516014234875445,29.0,0.01902073874094981

E:\Downloads\jfree\chart\,JFreeChart,1470,699,0.47551020408163264,154.0,0.0030877285979326796

E:\Downloads\jfree\chart\,LegendItem,1015,574,0.5655172413793104,83.0,0.006813460739509764

E:\Downloads\jfree\chart\,LegendItemCollection,104,51,0.49038461538461536,12.0,0.040865384615384616

E:\Downloads\jfree\chart\,LegendItemSource,6,5,0.8333333333333334,0.0,Infinity

E:\Downloads\jfree\chart\,LegendRenderingOrder,6,3,0.5,0.0,Infinity

E:\Downloads\jfree\chart\,MouseWheelHandler,101,41,0.40594059405940597,12.0,0.03382838283828383

E:\Downloads\jfree\chart\,PaintMap,172,79,0.45930232558139533,17.0,0.027017783857729138

E:\Downloads\jfree\chart\,PolarChartPanel,193,80,0.41450777202072536,18.0,0.023028209556706966

E:\Downloads\jfree\chart\,StandardChartTheme,1621,676,0.41702652683528685,183.0,0.002278833479974245

E:\Downloads\jfree\chart\,StrokeMap,165,76,0.46060606060606063,17.0,0.027094474153297684

